Index,Time(ns)
1000,1956
2000,1956
3000,2235
4000,1956
5000,1956
6000,1676
7000,1956
8000,1676
9000,1955
10000,1955
11000,1956
12000,1955
13000,2794
14000,2235
15000,1956
16000,1955
17000,1955
18000,1956
19000,1955
20000,2235
21000,2235
22000,2235
23000,1956
24000,1956
25000,3352
26000,2235
27000,1956
28000,2235
29000,2235
30000,2235
31000,1955
32000,2235
33000,2235
34000,2235
35000,2235
36000,1955
37000,2235
38000,2235
39000,2235
40000,1956
41000,2235
42000,2235
43000,1956
44000,1955
45000,2235
46000,1956
47000,1956
48000,2235
49000,1955
50000,2235
51000,2235
52000,2235
53000,1956
54000,2235
55000,2235
56000,2235
57000,1955
58000,2235
59000,1955
60000,2235
61000,1956
62000,2235
63000,2235
64000,2514
65000,2234
66000,2235
67000,2235
68000,2235
69000,2235
70000,2235
71000,2235
72000,2794
73000,1956
74000,2235
75000,1956
76000,2235
77000,2235
78000,1955
79000,2235
80000,2235
81000,2235
82000,1955
83000,1955
84000,1956
85000,1955
86000,2235
87000,2235
88000,2235
89000,1955
90000,2235
91000,1955
92000,2235
93000,2235
94000,1956
95000,2235
96000,3632
97000,2235
98000,2235
99000,1955
100000,2234
101000,2235
102000,1955
103000,2514
104000,1955
105000,2235
106000,2235
107000,2235
108000,1956
109000,1956
110000,2235
111000,2235
112000,2235
113000,2235
114000,2235
115000,1956
116000,1956
117000,1956
118000,1956
119000,1955
120000,2235
121000,2514
122000,2235
123000,2235
124000,1956
125000,1956
126000,1956
127000,2235
128000,2235
129000,1956
130000,2235
131000,2514
132000,2235
133000,1955
134000,1955
135000,1956
136000,2235
137000,1955
138000,1955
139000,2235
140000,2235
141000,2235
142000,1956
143000,2235
144000,2235
145000,2235
146000,2234
147000,2235
148000,2235
149000,2235
150000,1956
151000,2235
152000,1956
153000,1956
154000,2235
155000,2235
156000,2235
157000,2235
158000,2514
159000,2235
160000,2235
161000,2235
162000,2515
163000,2235
164000,1956
165000,2235
166000,1956
167000,2235
168000,2235
169000,2514
170000,2794
171000,2235
172000,2235
173000,2235
174000,3631
175000,2235
176000,2235
177000,2234
178000,2235
179000,2235
180000,2234
181000,2235
182000,2235
183000,2235
184000,2235
185000,2235
186000,2235
187000,2235
188000,2235
189000,1956
190000,2235
191000,2235
192000,2514
193000,2235
194000,2514
195000,2235
196000,2235
197000,2235
198000,2235
199000,2235
200000,2235
201000,2235
202000,2235
203000,2235
204000,2235
205000,1956
206000,2235
207000,1956
208000,2235
209000,2515
210000,2515
211000,2235
212000,2235
213000,2235
214000,2235
215000,2235
216000,2235
217000,1956
218000,2235
219000,2235
220000,2235
221000,2514
222000,2794
223000,1955
224000,1955
225000,2514
226000,2515
227000,2235
228000,2235
229000,2235
230000,2234
231000,2235
232000,2235
233000,2235
234000,2514
235000,1955
236000,2235
237000,1956
238000,2514
239000,2235
240000,2235
241000,1955
242000,2235
243000,2235
244000,2235
245000,3632
246000,2235
247000,2235
248000,2235
249000,2235
250000,2235
251000,2235
252000,2514
253000,2235
254000,2235
255000,2514
256000,4470
257000,1956
258000,2235
259000,2235
260000,2235
261000,2514
262000,2235
263000,1956
264000,2515
265000,1956
266000,2514
267000,2235
268000,1955
269000,3073
270000,2514
271000,1956
272000,2514
273000,2794
274000,2514
275000,2235
276000,2235
277000,2794
278000,2514
279000,2235
280000,2514
281000,2514
282000,2514
283000,2235
284000,2514
285000,2793
286000,2235
287000,2514
288000,2515
289000,2514
290000,2235
291000,2514
292000,2235
293000,2235
294000,2515
295000,2515
296000,2793
297000,2794
298000,2235
299000,2515
300000,1956
301000,2235
302000,2514
303000,2235
304000,2514
305000,2794
306000,2794
307000,2794
308000,2514
309000,2235
310000,2235
311000,2793
312000,2514
313000,2235
314000,2514
315000,2235
316000,2234
317000,2235
318000,2514
319000,1956
320000,2235
321000,2793
322000,2514
323000,2794
324000,2235
325000,2514
326000,2235
327000,2514
328000,2235
329000,2514
330000,2235
331000,2235
332000,2235
333000,3073
334000,2794
335000,2235
336000,2794
337000,2793
338000,2234
339000,3073
340000,2235
341000,2235
342000,2235
343000,2794
344000,3911
345000,2793
346000,2235
347000,2794
348000,2235
349000,1956
350000,2515
351000,2515
352000,2235
353000,2515
354000,2234
355000,2514
356000,2794
357000,2235
358000,4191
359000,2514
360000,2235
361000,2514
362000,2515
363000,2794
364000,2514
365000,2235
366000,2235
367000,2235
368000,2235
369000,2235
370000,2235
371000,2235
372000,2514
373000,2235
374000,2515
375000,1956
376000,2515
377000,2794
378000,2514
379000,2234
380000,2235
381000,2514
382000,2794
383000,2793
384000,2235
385000,2235
386000,2514
387000,2234
388000,2515
389000,2514
390000,2514
391000,2514
392000,2793
393000,2794
394000,2235
395000,2793
396000,2234
397000,2235
398000,1956
399000,2515
400000,2794
401000,3631
402000,2235
403000,2515
404000,4470
405000,2514
406000,2515
407000,2794
408000,2793
409000,2514
410000,2794
411000,2235
412000,2235
413000,2235
414000,2514
415000,2793
416000,2235
417000,2235
418000,2794
419000,2794
420000,2235
421000,2235
422000,2235
423000,1955
424000,2514
425000,2235
426000,2235
427000,2235
428000,2234
429000,2514
430000,2235
431000,2514
432000,2235
433000,2793
434000,2235
435000,2794
436000,2514
437000,2515
438000,2235
439000,2235
440000,2235
441000,2514
442000,2514
443000,2514
444000,2235
445000,3073
446000,2514
447000,2514
448000,2514
449000,3073
450000,2515
451000,3073
452000,2793
453000,2793
454000,2514
455000,2235
456000,2514
457000,2793
458000,2235
459000,2514
460000,2514
461000,2235
462000,2515
463000,2514
464000,2794
465000,2515
466000,2794
467000,2793
468000,2793
469000,2514
470000,2514
471000,2514
472000,2794
473000,2514
474000,2793
475000,2794
476000,2514
477000,2794
478000,4190
479000,2514
480000,2235
481000,2514
482000,2514
483000,2793
484000,2235
485000,5029
486000,2235
487000,2793
488000,2514
489000,2514
490000,3073
491000,2515
492000,2235
493000,2514
494000,2514
495000,2794
496000,2235
497000,2514
498000,2794
499000,3073
500000,2514
501000,2235
502000,2235
503000,4191
504000,2794
505000,2514
506000,3632
507000,2514
508000,3073
509000,2514
510000,3073
511000,2793
512000,2235
513000,2794
514000,2794
515000,2793
516000,2514
517000,2515
518000,2514
519000,2793
520000,2235
521000,2515
522000,3353
523000,4191
524000,3073
525000,2794
526000,2793
527000,2514
528000,3073
529000,2514
530000,2514
531000,4190
532000,2794
533000,2793
534000,2235
535000,2794
536000,2793
537000,4190
538000,2794
539000,2794
540000,2235
541000,2515
542000,2515
543000,2234
544000,2514
545000,2235
546000,2235
547000,2794
548000,2793
549000,2235
550000,3073
551000,2235
552000,2235
553000,2794
554000,2235
555000,2794
556000,2514
557000,2514
558000,3352
559000,2793
560000,2793
561000,2514
562000,2514
563000,3073
564000,2235
565000,3073
566000,2514
567000,2514
568000,2794
569000,2235
570000,3073
571000,2235
572000,2794
573000,3073
574000,2235
575000,2794
576000,2514
577000,2514
578000,1955
579000,2235
580000,2235
581000,3073
582000,2514
583000,2514
584000,3911
585000,2794
586000,2793
587000,2515
588000,2794
589000,2794
590000,2793
591000,2514
592000,2514
593000,2794
594000,2515
595000,2794
596000,2515
597000,2514
598000,3911
599000,2514
600000,2793
601000,2235
602000,2793
603000,2794
604000,2235
605000,2794
606000,2234
607000,3073
608000,2514
609000,2793
610000,2794
611000,2794
612000,2514
613000,2514
614000,3073
615000,2793
616000,3073
617000,2514
618000,2793
619000,2514
620000,2515
621000,2794
622000,2515
623000,2514
624000,2514
625000,2794
626000,2793
627000,3073
628000,2794
629000,1956
630000,2235
631000,2793
632000,2235
633000,2235
634000,2793
635000,2235
636000,2235
637000,2793
638000,3911
639000,2794
640000,3073
641000,2794
642000,2514
643000,2794
644000,2514
645000,4750
646000,2514
647000,2514
648000,2235
649000,2514
650000,2514
651000,2234
652000,2514
653000,2235
654000,3073
655000,2794
656000,2514
657000,2794
658000,2794
659000,2235
660000,2794
661000,2514
662000,2234
663000,2515
664000,2514
665000,2514
666000,2515
667000,2235
668000,2515
669000,2515
670000,3352
671000,2794
672000,2514
673000,2794
674000,2514
675000,2514
676000,2515
677000,2514
678000,3911
679000,2514
680000,3073
681000,2515
682000,3073
683000,3073
684000,2515
685000,2515
686000,3073
687000,2794
688000,3632
689000,2793
690000,3073
691000,3073
692000,2514
693000,2794
694000,2514
695000,2794
696000,3353
697000,3352
698000,2235
699000,2515
700000,2514
701000,2793
702000,2794
703000,2793
704000,2794
705000,2514
706000,2794
707000,2514
708000,2793
709000,2514
710000,3073
711000,3073
712000,2794
713000,2235
714000,4470
715000,2514
716000,2794
717000,2514
718000,2515
719000,2515
720000,2514
721000,3073
722000,3073
723000,3073
724000,2794
725000,2794
726000,2514
727000,3352
728000,2514
729000,2514
730000,2515
731000,3074
732000,2794
733000,2794
734000,3073
735000,3073
736000,2794
737000,3073
738000,3073
739000,2794
740000,2514
741000,2514
742000,2514
743000,3073
744000,2514
745000,2794
746000,2515
747000,2793
748000,2794
749000,2794
750000,3631
751000,2794
752000,2793
753000,3073
754000,2793
755000,2235
756000,2235
757000,2794
758000,2514
759000,2794
760000,3073
761000,3073
762000,2794
763000,3352
764000,2793
765000,3073
766000,2794
767000,3632
768000,2794
769000,2794
770000,2794
771000,2794
772000,2515
773000,3073
774000,2793
775000,3073
776000,2794
777000,2514
778000,2235
779000,2793
780000,2794
781000,3073
782000,2235
783000,3073
784000,2793
785000,3632
786000,2515
787000,3073
788000,3073
789000,2235
790000,2794
791000,2235
792000,2793
793000,2515
794000,2794
795000,2514
796000,2514
797000,2794
798000,2514
799000,3074
800000,2514
801000,2794
802000,2515
803000,2794
804000,2514
805000,3073
806000,2235
807000,2794
808000,2794
809000,2514
810000,2514
811000,4470
812000,2794
813000,2235
814000,2514
815000,2793
816000,2515
817000,2794
818000,3073
819000,1955
820000,2515
821000,2794
822000,2514
823000,2793
824000,4749
825000,2794
826000,2793
827000,2514
828000,2235
829000,2793
830000,2514
831000,2794
832000,4749
833000,3073
834000,2794
835000,2794
836000,2514
837000,2514
838000,3073
839000,2514
840000,2515
841000,2794
842000,2514
843000,2794
844000,2794
845000,3073
846000,2514
847000,2514
848000,3073
849000,3073
850000,2514
851000,2235
852000,3073
853000,2515
854000,3073
855000,3073
856000,3352
857000,3352
858000,2793
859000,3352
860000,2794
861000,3073
862000,3073
863000,3073
864000,2794
865000,2794
866000,3073
867000,2514
868000,2793
869000,3073
870000,3073
871000,3352
872000,2794
873000,3911
874000,2514
875000,2794
876000,3073
877000,2794
878000,3073
879000,2794
880000,2794
881000,2514
882000,2793
883000,3352
884000,3073
885000,3073
886000,2794
887000,3073
888000,2794
889000,2793
890000,2794
891000,2794
892000,2793
893000,2514
894000,2235
895000,3073
896000,2793
897000,2514
898000,2794
899000,2515
900000,2514
901000,2794
902000,3073
903000,2793
904000,2794
905000,2514
906000,2235
907000,2793
908000,2793
909000,3352
910000,2514
911000,2235
912000,2514
913000,3073
914000,3073
915000,2794
916000,3073
917000,2514
918000,3352
919000,2793
920000,2794
921000,3073
922000,3352
923000,3073
924000,2794
925000,2793
926000,2793
927000,2794
928000,2794
929000,2514
930000,2514
931000,3353
932000,2235
933000,2794
934000,2514
935000,2514
936000,2794
937000,2794
938000,3073
939000,2514
940000,2794
941000,2793
942000,3073
943000,3073
944000,2235
945000,2514
946000,2793
947000,3073
948000,2793
949000,3073
950000,3352
951000,2794
952000,2794
953000,2794
954000,3073
955000,2514
956000,2794
957000,2794
958000,2793
959000,3352
960000,3073
961000,2794
962000,3352
963000,3073
964000,2514
965000,3353
966000,3353
967000,3073
968000,2793
969000,2514
970000,3632
971000,2794
972000,3352
973000,2514
974000,2794
975000,3073
976000,2515
977000,3073
978000,2794
979000,2794
980000,3073
981000,2514
982000,2514
983000,2514
984000,2793
985000,2794
986000,2794
987000,5867
988000,3073
989000,2514
990000,3352
991000,2794
992000,2794
993000,2794
994000,2794
995000,3073
996000,2514
997000,3073
998000,3073
999000,3073
1000000,2235
1001000,2794
1002000,3073
1003000,2794
1004000,3073
1005000,2793
1006000,2794
1007000,2794
1008000,3353
1009000,2794
1010000,2515
1011000,2514
1012000,2514
1013000,2794
1014000,3073
1015000,2235
1016000,3073
1017000,2514
1018000,2794
1019000,2514
1020000,2794
1021000,2793
1022000,3073
1023000,2235
1024000,3073
1025000,2515
1026000,3073
1027000,2515
1028000,2794
1029000,2794
1030000,2235
1031000,2794
1032000,2793
1033000,2793
1034000,2794
1035000,2793
1036000,3073
1037000,3073
1038000,3073
1039000,3073
1040000,2794
1041000,2794
1042000,2515
1043000,2515
1044000,3073
1045000,2793
1046000,2235
1047000,3073
1048000,2794
1049000,2794
1050000,3073
1051000,3073
1052000,2514
1053000,2793
1054000,2514
1055000,3073
1056000,2794
1057000,2794
1058000,2793
1059000,2235
1060000,2793
1061000,2794
1062000,3073
1063000,2514
1064000,2514
1065000,3632
1066000,4190
1067000,2794
1068000,3073
1069000,3073
1070000,2514
1071000,2514
1072000,2794
1073000,2515
1074000,3073
1075000,2514
1076000,2515
1077000,2794
1078000,3073
1079000,2794
1080000,2793
1081000,2793
1082000,4750
1083000,2794
1084000,2515
1085000,2235
1086000,3073
1087000,2793
1088000,3352
1089000,3073
1090000,2793
1091000,2793
1092000,2514
1093000,2515
1094000,3073
1095000,3073
1096000,3073
1097000,2514
1098000,2794
1099000,2235
1100000,3353
1101000,2514
1102000,2514
1103000,2514
1104000,2794
1105000,3352
1106000,3352
1107000,3073
1108000,2794
1109000,2794
1110000,3352
1111000,2793
1112000,3073
1113000,2793
1114000,2794
1115000,2515
1116000,2235
1117000,2794
1118000,3352
1119000,3352
1120000,3073
1121000,3073
1122000,2794
1123000,3073
1124000,2514
1125000,2793
1126000,2514
1127000,2794
1128000,2514
1129000,3073
1130000,3911
1131000,2794
1132000,2794
1133000,2794
1134000,2793
1135000,2514
1136000,3073
1137000,2794
1138000,2794
1139000,2793
1140000,2515
1141000,3912
1142000,2515
1143000,2794
1144000,3073
1145000,2515
1146000,2794
1147000,3073
1148000,2514
1149000,2794
1150000,3632
1151000,2793
1152000,3073
1153000,2514
1154000,2514
1155000,2515
1156000,3073
1157000,2794
1158000,2793
1159000,3073
1160000,2794
1161000,3073
1162000,2515
1163000,5867
1164000,2794
1165000,3353
1166000,2794
1167000,2794
1168000,2794
1169000,3073
1170000,2793
1171000,3353
1172000,2794
1173000,2793
1174000,3073
1175000,3911
1176000,2793
1177000,3353
1178000,3073
1179000,2794
1180000,3073
1181000,2793
1182000,2794
1183000,2793
1184000,2515
1185000,3073
1186000,2793
1187000,2514
1188000,3073
1189000,2515
1190000,3073
1191000,2794
1192000,3073
1193000,2793
1194000,2514
1195000,2514
1196000,2794
1197000,3073
1198000,2794
1199000,2794
1200000,2794
1201000,3632
1202000,2794
1203000,2793
1204000,2794
1205000,2515
1206000,2793
1207000,2794
1208000,3353
1209000,3073
1210000,2794
1211000,2793
1212000,2514
1213000,2794
1214000,2793
1215000,3073
1216000,2793
1217000,2515
1218000,2794
1219000,3073
1220000,2793
1221000,2794
1222000,3073
1223000,3073
1224000,2794
1225000,3073
1226000,2235
1227000,2794
1228000,2794
1229000,3073
1230000,4190
1231000,3073
1232000,3073
1233000,2794
1234000,3073
1235000,2514
1236000,2794
1237000,2793
1238000,3352
1239000,3073
1240000,2514
1241000,2793
1242000,3073
1243000,2515
1244000,2514
1245000,2793
1246000,3352
1247000,3073
1248000,2515
1249000,3073
1250000,3352
1251000,2793
1252000,3073
1253000,3073
1254000,3352
1255000,2794
1256000,3073
1257000,2514
1258000,2794
1259000,2794
1260000,3352
1261000,2794
1262000,2794
1263000,3073
1264000,2514
1265000,2793
1266000,2515
1267000,2794
1268000,2794
1269000,3073
1270000,3073
1271000,2793
1272000,3073
1273000,2514
1274000,2793
1275000,2794
1276000,3911
1277000,3353
1278000,2514
1279000,2794
1280000,2793
1281000,2793
1282000,3073
1283000,3073
1284000,2794
1285000,2793
1286000,2514
1287000,2514
1288000,3073
1289000,3073
1290000,2794
1291000,2793
1292000,2515
1293000,3073
1294000,2793
1295000,2515
1296000,2793
1297000,3073
1298000,2514
1299000,2514
1300000,2794
1301000,3073
1302000,2794
1303000,2514
1304000,2514
1305000,2793
1306000,20673
1307000,2514
1308000,2794
1309000,2793
1310000,2794
1311000,2235
1312000,2515
1313000,2793
1314000,2515
1315000,3074
1316000,2514
1317000,3073
1318000,2794
1319000,3073
1320000,2514
1321000,5867
1322000,3352
1323000,3074
1324000,2235
1325000,2514
1326000,3073
1327000,2794
1328000,2514
1329000,3073
1330000,2515
1331000,2514
1332000,3073
1333000,3353
1334000,2514
1335000,2794
1336000,2794
1337000,3352
1338000,2794
1339000,2514
1340000,3353
1341000,3353
1342000,3073
1343000,3073
1344000,3073
1345000,2793
1346000,2794
1347000,2793
1348000,2794
1349000,4191
1350000,2794
1351000,2794
1352000,4191
1353000,3352
1354000,2514
1355000,2793
1356000,2794
1357000,5029
1358000,3631
1359000,4190
1360000,2793
1361000,3073
1362000,3073
1363000,2793
1364000,2793
1365000,3353
1366000,2794
1367000,4470
1368000,3073
1369000,2793
1370000,2515
1371000,2514
1372000,3073
1373000,2515
1374000,3073
1375000,5308
1376000,3073
1377000,3352
1378000,3073
1379000,2794
1380000,2794
1381000,2794
1382000,2794
1383000,2793
1384000,3352
1385000,2794
1386000,2235
1387000,3073
1388000,2794
1389000,2793
1390000,3073
1391000,3911
1392000,2793
1393000,3073
1394000,2514
1395000,2794
1396000,2794
1397000,3073
1398000,2514
1399000,2793
1400000,2514
1401000,2794
1402000,3073
1403000,2794
1404000,4470
1405000,2515
1406000,2514
1407000,2794
1408000,2794
1409000,3073
1410000,3073
1411000,3073
1412000,2794
1413000,2514
1414000,2514
1415000,3352
1416000,3353
1417000,3353
1418000,5029
1419000,3073
1420000,2514
1421000,2793
1422000,2794
1423000,2794
1424000,2794
1425000,3353
1426000,2515
1427000,2793
1428000,3073
1429000,2794
1430000,2514
1431000,2793
1432000,3073
1433000,2794
1434000,2794
1435000,3073
1436000,2793
1437000,2794
1438000,2514
1439000,2793
1440000,2794
1441000,3352
1442000,3352
1443000,2794
1444000,2515
1445000,2794
1446000,3353
1447000,2794
1448000,2514
1449000,3353
1450000,3073
1451000,2514
1452000,2793
1453000,2515
1454000,2794
1455000,2794
1456000,2794
1457000,2515
1458000,2793
1459000,3073
1460000,3353
1461000,3073
1462000,2515
1463000,2794
1464000,3073
1465000,2794
1466000,2794
1467000,3352
1468000,2514
1469000,2793
1470000,3911
1471000,3073
1472000,2793
1473000,3073
1474000,2793
1475000,2794
1476000,2794
1477000,5028
1478000,2235
1479000,3353
1480000,3352
1481000,2794
1482000,2235
1483000,3073
1484000,2794
1485000,2235
1486000,3073
1487000,2793
1488000,2514
1489000,3353
1490000,3912
1491000,3073
1492000,2793
1493000,3073
1494000,2514
1495000,2515
1496000,2514
1497000,2794
1498000,3073
1499000,2514
1500000,2515
1501000,2794
1502000,2794
1503000,2514
1504000,2235
1505000,2793
1506000,3073
1507000,2793
1508000,3353
1509000,2793
1510000,3073
1511000,2793
1512000,2514
1513000,2514
1514000,2794
1515000,3073
1516000,2793
1517000,2794
1518000,3073
1519000,3073
1520000,3073
1521000,3352
1522000,2515
1523000,3073
1524000,3073
1525000,2794
1526000,2794
1527000,2794
1528000,2794
1529000,2515
1530000,2515
1531000,2514
1532000,2793
1533000,2794
1534000,2794
1535000,2793
1536000,3073
1537000,2793
1538000,2515
1539000,2794
1540000,3073
1541000,2793
1542000,2794
1543000,2793
1544000,2514
1545000,2794
1546000,2794
1547000,3352
1548000,3073
1549000,3911
1550000,2794
1551000,3073
1552000,2793
1553000,3911
1554000,3073
1555000,2515
1556000,3352
1557000,3073
1558000,2794
1559000,3073
1560000,3352
1561000,3073
1562000,2515
1563000,3352
1564000,3073
1565000,2515
1566000,2793
1567000,3073
1568000,2794
1569000,2793
1570000,2514
1571000,2794
1572000,3352
1573000,3352
1574000,2794
1575000,3353
1576000,3073
1577000,3074
1578000,2793
1579000,2794
1580000,3073
1581000,3073
1582000,3073
1583000,2794
1584000,2514
1585000,3073
1586000,2514
1587000,3073
1588000,2514
1589000,2794
1590000,2793
1591000,3074
1592000,2794
1593000,2793
1594000,2794
1595000,3353
1596000,3352
1597000,3073
1598000,2794
1599000,3911
1600000,3073
1601000,2794
1602000,2514
1603000,2515
1604000,3073
1605000,3073
1606000,2514
1607000,2234
1608000,3352
1609000,2794
1610000,2514
1611000,3073
1612000,2793
1613000,3073
1614000,4470
1615000,3352
1616000,2514
1617000,3073
1618000,2514
1619000,3073
1620000,2515
1621000,3353
1622000,2793
1623000,3353
1624000,2794
1625000,2793
1626000,2794
1627000,3353
1628000,2794
1629000,2794
1630000,3073
1631000,6704
1632000,3353
1633000,2793
1634000,2794
1635000,2794
1636000,4191
1637000,2514
1638000,3073
1639000,2514
1640000,3352
1641000,3073
1642000,3073
1643000,3073
1644000,2794
1645000,2514
1646000,3073
1647000,2794
1648000,2794
1649000,2794
1650000,2793
1651000,2793
1652000,3352
1653000,3073
1654000,3352
1655000,2794
1656000,3073
1657000,2235
1658000,3073
1659000,2793
1660000,3073
1661000,3073
1662000,2794
1663000,2514
1664000,2515
1665000,3073
1666000,2794
1667000,2514
1668000,2794
1669000,3353
1670000,2794
1671000,3073
1672000,3073
1673000,4191
1674000,3352
1675000,2794
1676000,3632
1677000,3073
1678000,3353
1679000,2514
1680000,3073
1681000,2235
1682000,2794
1683000,2793
1684000,3352
1685000,4190
1686000,2793
1687000,2514
1688000,2794
1689000,3073
1690000,2794
1691000,2794
1692000,2794
1693000,3073
1694000,2235
1695000,2793
1696000,1956
1697000,4470
1698000,2794
1699000,2794
1700000,2794
1701000,2794
1702000,4191
1703000,3352
1704000,2793
1705000,3073
1706000,2793
1707000,3352
1708000,3352
1709000,2515
1710000,2794
1711000,2794
1712000,3073
1713000,2514
1714000,2794
1715000,3074
1716000,2793
1717000,2794
1718000,3353
1719000,2794
1720000,2794
1721000,3352
1722000,2794
1723000,2794
1724000,2794
1725000,3073
1726000,3073
1727000,2794
1728000,2794
1729000,3073
1730000,2514
1731000,2793
1732000,3073
1733000,3352
1734000,2514
1735000,2794
1736000,2793
1737000,2794
1738000,3352
1739000,2794
1740000,2794
1741000,3073
1742000,3073
1743000,3073
1744000,2794
1745000,2794
1746000,3631
1747000,2515
1748000,3074
1749000,3352
1750000,2794
1751000,3073
1752000,4749
1753000,3632
1754000,2794
1755000,2794
1756000,3073
1757000,3073
1758000,3073
1759000,3073
1760000,3352
1761000,2794
1762000,3073
1763000,3073
1764000,2794
1765000,2515
1766000,3073
1767000,3352
1768000,2793
1769000,3073
1770000,3073
1771000,4191
1772000,2514
1773000,2515
1774000,3352
1775000,3073
1776000,4750
1777000,2793
1778000,3073
1779000,3073
1780000,3073
1781000,3073
1782000,2514
1783000,3353
1784000,3073
1785000,3073
1786000,2515
1787000,3632
1788000,3352
1789000,2794
1790000,2515
1791000,3352
1792000,2235
1793000,2514
1794000,2794
1795000,3073
1796000,2515
1797000,2794
1798000,2794
1799000,14248
1800000,2514
1801000,2794
1802000,3073
1803000,3352
1804000,2514
1805000,2514
1806000,3073
1807000,3073
1808000,3073
1809000,3073
1810000,2793
1811000,2515
1812000,3352
1813000,2794
1814000,2793
1815000,3073
1816000,2794
1817000,2514
1818000,2794
1819000,2794
1820000,5308
1821000,2514
1822000,2794
1823000,3073
1824000,2794
1825000,3073
1826000,3073
1827000,3073
1828000,3073
1829000,3631
1830000,3073
1831000,2794
1832000,3073
1833000,3073
1834000,3352
1835000,2515
1836000,3073
1837000,3073
1838000,2793
1839000,2514
1840000,2794
1841000,3073
1842000,2794
1843000,2794
1844000,3073
1845000,2514
1846000,2514
1847000,3353
1848000,3352
1849000,2514
1850000,3073
1851000,3073
1852000,2794
1853000,2794
1854000,3073
1855000,2794
1856000,3632
1857000,2794
1858000,2794
1859000,3073
1860000,2514
1861000,2793
1862000,2514
1863000,2515
1864000,2794
1865000,3074
1866000,2793
1867000,2235
1868000,3073
1869000,3073
1870000,3073
1871000,3352
1872000,3073
1873000,2793
1874000,2793
1875000,2793
1876000,3073
1877000,2794
1878000,2793
1879000,3352
1880000,3352
1881000,2514
1882000,3073
1883000,2794
1884000,2794
1885000,3352
1886000,3632
1887000,2793
1888000,2793
1889000,3073
1890000,3073
1891000,2235
1892000,2235
1893000,2794
1894000,2793
1895000,2793
1896000,2794
1897000,5029
1898000,3073
1899000,2235
1900000,2515
1901000,3353
1902000,3073
1903000,3352
1904000,2793
1905000,2515
1906000,2514
1907000,2794
1908000,3073
1909000,3073
1910000,2794
1911000,2794
1912000,2515
1913000,2794
1914000,2794
1915000,2794
1916000,5308
1917000,2514
1918000,3073
1919000,2794
1920000,2794
1921000,3073
1922000,3073
1923000,2793
1924000,2793
1925000,3352
1926000,3352
1927000,3353
1928000,3073
1929000,2794
1930000,2514
1931000,2794
1932000,3073
1933000,3073
1934000,2794
1935000,3352
1936000,2793
1937000,30450
1938000,2514
1939000,2793
1940000,3073
1941000,3073
1942000,3352
1943000,2793
1944000,2515
1945000,2794
1946000,3073
1947000,3073
1948000,3073
1949000,2235
1950000,2793
1951000,2794
1952000,2514
1953000,2234
1954000,3073
1955000,2794
1956000,2514
1957000,3911
1958000,3073
1959000,2794
1960000,2514
1961000,2794
1962000,2793
1963000,3632
1964000,2794
1965000,3073
1966000,3073
1967000,3073
1968000,3073
1969000,4190
1970000,2515
1971000,2794
1972000,3073
1973000,3073
1974000,3073
1975000,3073
1976000,2794
1977000,2514
1978000,2794
1979000,3073
1980000,3073
1981000,4749
1982000,3073
1983000,2793
1984000,2514
1985000,3073
1986000,3073
1987000,3352
1988000,3073
1989000,2793
1990000,3073
1991000,2514
1992000,2235
1993000,3352
1994000,3353
1995000,2794
1996000,3073
1997000,2794
1998000,3073
1999000,3073
2000000,3073
2001000,2793
2002000,2794
2003000,2794
2004000,2794
2005000,2794
2006000,2514
2007000,3353
2008000,2514
2009000,2514
2010000,3073
2011000,2515
2012000,3073
2013000,2515
2014000,3352
2015000,2794
2016000,2794
2017000,3073
2018000,2794
2019000,3073
2020000,2794
2021000,3073
2022000,2514
2023000,3352
2024000,3073
2025000,2793
2026000,2793
2027000,2514
2028000,2793
2029000,2514
2030000,3073
2031000,2793
2032000,3912
2033000,3073
2034000,2793
2035000,3632
2036000,2793
2037000,2515
2038000,2514
2039000,3073
2040000,2514
2041000,2514
2042000,3631
2043000,2514
2044000,2514
2045000,2794
2046000,3352
2047000,3073
2048000,2514
2049000,2793
2050000,2514
2051000,2794
2052000,2794
2053000,2794
2054000,3632
2055000,2794
2056000,3073
2057000,2794
2058000,3073
2059000,3352
2060000,3073
2061000,2793
2062000,2793
2063000,3073
2064000,2794
2065000,2235
2066000,3073
2067000,2514
2068000,2794
2069000,3073
2070000,2794
2071000,3353
2072000,2515
2073000,2514
2074000,2794
2075000,2793
2076000,3073
2077000,3073
2078000,2793
2079000,3073
2080000,2514
2081000,3352
2082000,2794
2083000,6425
2084000,3073
2085000,2794
2086000,3073
2087000,2514
2088000,2794
2089000,3073
2090000,3073
2091000,2794
2092000,3073
2093000,2514
2094000,3073
2095000,3073
2096000,2515
2097000,3073
2098000,2794
2099000,3631
2100000,2794
2101000,2514
2102000,2794
2103000,2794
2104000,2794
2105000,2794
2106000,2794
2107000,2794
2108000,2514
2109000,3352
2110000,2794
2111000,2793
2112000,3073
2113000,3352
2114000,2514
2115000,2514
2116000,3073
2117000,3073
2118000,2515
2119000,2793
2120000,3352
2121000,2515
2122000,2794
2123000,3073
2124000,3352
2125000,2794
2126000,3073
2127000,2514
2128000,2794
2129000,3073
2130000,3632
2131000,2794
2132000,3073
2133000,3074
2134000,3073
2135000,2794
2136000,3073
2137000,2793
2138000,3073
2139000,2793
2140000,2794
2141000,3353
2142000,2514
2143000,3073
2144000,3073
2145000,3073
2146000,2794
2147000,2793
2148000,3073
2149000,2514
2150000,2514
2151000,3073
2152000,3073
2153000,3352
2154000,2235
2155000,3073
2156000,2793
2157000,2794
2158000,3073
2159000,2794
2160000,5028
2161000,2514
2162000,2793
2163000,2514
2164000,2794
2165000,2794
2166000,3073
2167000,2794
2168000,2793
2169000,3073
2170000,2793
2171000,2794
2172000,3073
2173000,3353
2174000,2515
2175000,2794
2176000,3073
2177000,3073
2178000,3073
2179000,3352
2180000,3074
2181000,2794
2182000,3073
2183000,3073
2184000,3632
2185000,4470
2186000,3073
2187000,3353
2188000,2794
2189000,2235
2190000,3073
2191000,2793
2192000,3352
2193000,2794
2194000,3073
2195000,2793
2196000,3073
2197000,3632
2198000,2794
2199000,3073
2200000,2514
2201000,3073
2202000,2793
2203000,3352
2204000,3073
2205000,3073
2206000,3073
2207000,3073
2208000,3073
2209000,3073
2210000,3352
2211000,3352
2212000,3073
2213000,3353
2214000,4190
2215000,3352
2216000,2794
2217000,3631
2218000,2794
2219000,2794
2220000,2793
2221000,3353
2222000,2793
2223000,3073
2224000,2515
2225000,3631
2226000,2794
2227000,3073
2228000,3073
2229000,2794
2230000,2794
2231000,3073
2232000,3352
2233000,2794
2234000,3073
2235000,2794
2236000,2514
2237000,2794
2238000,3073
2239000,3073
2240000,3073
2241000,3352
2242000,2794
2243000,3073
2244000,2514
2245000,3073
2246000,3352
2247000,5867
2248000,2793
2249000,3632
2250000,2794
2251000,3073
2252000,3073
2253000,3073
2254000,3073
2255000,2794
2256000,3353
2257000,2794
2258000,3073
2259000,3632
2260000,2235
2261000,3073
2262000,2794
2263000,3073
2264000,3073
2265000,3631
2266000,3073
2267000,3073
2268000,3073
2269000,2235
2270000,3073
2271000,4749
2272000,3073
2273000,3631
2274000,2794
2275000,2793
2276000,2794
2277000,3353
2278000,3073
2279000,3352
2280000,2793
2281000,3352
2282000,3352
2283000,3073
2284000,3073
2285000,3073
2286000,2794
2287000,3352
2288000,3352
2289000,3073
2290000,2515
2291000,3352
2292000,3352
2293000,8661
2294000,3073
2295000,3073
2296000,2514
2297000,2235
2298000,2794
2299000,2515
2300000,3353
2301000,2793
2302000,3073
2303000,3073
2304000,2235
2305000,3073
2306000,3073
2307000,3911
2308000,2794
2309000,3631
2310000,2794
2311000,2794
2312000,4470
2313000,3073
2314000,2794
2315000,2514
2316000,3352
2317000,2794
2318000,3073
2319000,2794
2320000,2794
2321000,2794
2322000,2793
2323000,2793
2324000,2515
2325000,2793
2326000,3352
2327000,2794
2328000,3352
2329000,2793
2330000,3073
2331000,2514
2332000,2793
2333000,3352
2334000,2794
2335000,3353
2336000,3073
2337000,3352
2338000,3073
2339000,2793
2340000,3073
2341000,2794
2342000,2793
2343000,2794
2344000,2793
2345000,4190
2346000,3073
2347000,3074
2348000,3073
2349000,3073
2350000,3073
2351000,3073
2352000,3073
2353000,3352
2354000,2794
2355000,3352
2356000,2794
2357000,2794
2358000,3352
2359000,2514
2360000,3073
2361000,3631
2362000,2794
2363000,3073
2364000,3632
2365000,3632
2366000,2793
2367000,3073
2368000,2514
2369000,3073
2370000,3073
2371000,3073
2372000,2793
2373000,3353
2374000,3631
2375000,3352
2376000,3073
2377000,3073
2378000,2794
2379000,3352
2380000,2794
2381000,2794
2382000,2794
2383000,3352
2384000,3073
2385000,2793
2386000,2794
2387000,3352
2388000,3353
2389000,3352
2390000,2794
2391000,2794
2392000,3352
2393000,2794
2394000,2794
2395000,3073
2396000,2793
2397000,3353
2398000,3912
2399000,3353
2400000,4470
2401000,4190
2402000,3352
2403000,3352
2404000,3352
2405000,3073
2406000,3073
2407000,3352
2408000,4470
2409000,5588
2410000,3073
2411000,2794
2412000,3631
2413000,3632
2414000,3073
2415000,3073
2416000,3073
2417000,2794
2418000,2794
2419000,3353
2420000,3352
2421000,2793
2422000,2794
2423000,3631
2424000,2515
2425000,3073
2426000,3352
2427000,3911
2428000,2794
2429000,2235
2430000,3352
2431000,3073
2432000,3073
2433000,3352
2434000,2794
2435000,2794
2436000,2793
2437000,3632
2438000,3353
2439000,3073
2440000,3353
2441000,3073
2442000,2514
2443000,3073
2444000,5587
2445000,3073
2446000,3073
2447000,3632
2448000,4470
2449000,2794
2450000,3073
2451000,3073
2452000,2794
2453000,2793
2454000,3632
2455000,2794
2456000,2794
2457000,3352
2458000,2514
2459000,3353
2460000,3352
2461000,2514
2462000,3074
2463000,2793
2464000,3352
2465000,3352
2466000,2794
2467000,2514
2468000,4470
2469000,3353
2470000,2793
2471000,3073
2472000,3353
2473000,2794
2474000,3353
2475000,3632
2476000,2794
2477000,3352
2478000,3073
2479000,3073
2480000,3353
2481000,2794
2482000,2514
2483000,3073
2484000,2794
2485000,2794
2486000,3073
2487000,2235
2488000,2794
2489000,3073
2490000,3352
2491000,3073
2492000,3073
2493000,3073
2494000,3073
2495000,2794
2496000,3911
2497000,2793
2498000,2514
2499000,3073
2500000,3352
2501000,2793
2502000,3073
2503000,3353
2504000,2793
2505000,3073
2506000,3353
2507000,3073
2508000,3073
2509000,2793
2510000,2514
2511000,2793
2512000,3073
2513000,2794
2514000,2793
2515000,2794
2516000,3353
2517000,3073
2518000,2794
2519000,2794
2520000,5308
2521000,3073
2522000,2794
2523000,2794
2524000,2794
2525000,3073
2526000,2794
2527000,2794
2528000,2793
2529000,2794
2530000,2514
2531000,2794
2532000,3073
2533000,2793
2534000,3352
2535000,3073
2536000,3073
2537000,2514
2538000,3352
2539000,2794
2540000,3073
2541000,3632
2542000,3073
2543000,2514
2544000,2793
2545000,3073
2546000,3073
2547000,2794
2548000,2794
2549000,3073
2550000,3073
2551000,2515
2552000,3073
2553000,2793
2554000,2794
2555000,3073
2556000,3352
2557000,2794
2558000,2235
2559000,3632
2560000,2793
2561000,3073
2562000,2794
2563000,3353
2564000,2514
2565000,2514
2566000,3073
2567000,2793
2568000,2793
2569000,3073
2570000,3353
2571000,3073
2572000,3073
2573000,3352
2574000,2794
2575000,3073
2576000,3073
2577000,3073
2578000,2514
2579000,3073
2580000,2514
2581000,3073
2582000,2794
2583000,3352
2584000,3353
2585000,3352
2586000,3073
2587000,3073
2588000,3073
2589000,2794
2590000,3073
2591000,3353
2592000,2514
2593000,2793
2594000,2235
2595000,3073
2596000,2794
2597000,3073
2598000,3073
2599000,2793
2600000,3352
2601000,3073
2602000,2794
2603000,3073
2604000,3073
2605000,3073
2606000,2514
2607000,3073
2608000,2794
2609000,2793
2610000,2514
2611000,3353
2612000,3073
2613000,2793
2614000,3073
2615000,3073
2616000,2235
2617000,2793
2618000,2793
2619000,2794
2620000,3073
2621000,3632
2622000,3073
2623000,5308
2624000,3073
2625000,2794
2626000,2794
2627000,3073
2628000,3073
2629000,2794
2630000,4190
2631000,3353
2632000,3073
2633000,2794
2634000,5029
2635000,2514
2636000,2794
2637000,3632
2638000,2793
2639000,2794
2640000,2514
2641000,3352
2642000,3632
2643000,3073
2644000,3073
2645000,2794
2646000,2514
2647000,2794
2648000,2794
2649000,3073
2650000,3073
2651000,4191
2652000,5308
2653000,2793
2654000,3073
2655000,2793
2656000,2794
2657000,3352
2658000,3073
2659000,2794
2660000,2793
2661000,3352
2662000,3073
2663000,2514
2664000,2794
2665000,2794
2666000,2793
2667000,2794
2668000,3073
2669000,3073
2670000,3073
2671000,3073
2672000,2514
2673000,2515
2674000,3073
2675000,2794
2676000,3911
2677000,3353
2678000,3073
2679000,3073
2680000,2793
2681000,3353
2682000,2794
2683000,13410
2684000,2794
2685000,2794
2686000,2793
2687000,3073
2688000,2793
2689000,3353
2690000,3073
2691000,4470
2692000,2794
2693000,3073
2694000,2794
2695000,2793
2696000,3632
2697000,3073
2698000,2514
2699000,2793
2700000,2794
2701000,3352
2702000,2794
2703000,3073
2704000,2514
2705000,3073
2706000,3352
2707000,3073
2708000,3073
2709000,2794
2710000,3073
2711000,8381
2712000,3073
2713000,2793
2714000,2514
2715000,3073
2716000,3352
2717000,2794
2718000,3074
2719000,3073
2720000,3073
2721000,2793
2722000,2793
2723000,3353
2724000,3073
2725000,3073
2726000,2793
2727000,2794
2728000,3073
2729000,2514
2730000,3073
2731000,3073
2732000,2514
2733000,3073
2734000,2794
2735000,3352
2736000,3073
2737000,3073
2738000,2514
2739000,2515
2740000,6146
2741000,2515
2742000,2515
2743000,3352
2744000,2793
2745000,2794
2746000,3631
2747000,3353
2748000,3073
2749000,3632
2750000,3073
2751000,3073
2752000,2793
2753000,3073
2754000,3632
2755000,3073
2756000,2794
2757000,3073
2758000,3352
2759000,3073
2760000,2794
2761000,3073
2762000,3073
2763000,3353
2764000,3352
2765000,2794
2766000,2514
2767000,2514
2768000,2514
2769000,2514
2770000,3352
2771000,2794
2772000,2793
2773000,2793
2774000,3073
2775000,2793
2776000,3073
2777000,2794
2778000,3073
2779000,2794
2780000,3073
2781000,2793
2782000,2514
2783000,2793
2784000,2793
2785000,2235
2786000,2793
2787000,3352
2788000,3073
2789000,2793
2790000,2514
2791000,3073
2792000,3073
2793000,2794
2794000,2794
2795000,3073
2796000,3631
2797000,3352
2798000,3073
2799000,2793
2800000,2794
2801000,2794
2802000,2794
2803000,3073
2804000,3073
2805000,2793
2806000,5029
2807000,2794
2808000,2793
2809000,2794
2810000,3073
2811000,3073
2812000,3073
2813000,2514
2814000,3073
2815000,3352
2816000,3073
2817000,2794
2818000,3073
2819000,3073
2820000,3353
2821000,2794
2822000,3073
2823000,2794
2824000,3631
2825000,3073
2826000,3073
2827000,2794
2828000,2793
2829000,2793
2830000,2794
2831000,3073
2832000,2515
2833000,3073
2834000,2793
2835000,5587
2836000,2794
2837000,2794
2838000,3073
2839000,2793
2840000,3073
2841000,2794
2842000,2793
2843000,2793
2844000,2794
2845000,2794
2846000,2794
2847000,2794
2848000,3353
2849000,3073
2850000,3352
2851000,3073
2852000,3073
2853000,3073
2854000,2793
2855000,3073
2856000,2515
2857000,2514
2858000,2235
2859000,2794
2860000,3632
2861000,3631
2862000,3073
2863000,3352
2864000,2794
2865000,3352
2866000,2793
2867000,2514
2868000,4191
2869000,3073
2870000,3073
2871000,2794
2872000,2794
2873000,3073
2874000,3073
2875000,3073
2876000,2514
2877000,3073
2878000,3352
2879000,3632
2880000,3073
2881000,2794
2882000,3632
2883000,2514
2884000,2793
2885000,2794
2886000,2794
2887000,2793
2888000,2794
2889000,2794
2890000,2793
2891000,3073
2892000,3073
2893000,2793
2894000,2514
2895000,2793
2896000,3073
2897000,3073
2898000,2794
2899000,3073
2900000,2794
2901000,2515
2902000,3352
2903000,3073
2904000,3352
2905000,3073
2906000,3632
2907000,2793
2908000,3073
2909000,3632
2910000,3073
2911000,2793
2912000,3073
2913000,3073
2914000,2794
2915000,2514
2916000,3353
2917000,2794
2918000,2793
2919000,2793
2920000,3631
2921000,3073
2922000,2794
2923000,3073
2924000,3073
2925000,3353
2926000,2235
2927000,3073
2928000,2793
2929000,2515
2930000,2515
2931000,2794
2932000,5028
2933000,3353
2934000,3073
2935000,3352
2936000,2793
2937000,3073
2938000,3352
2939000,3073
2940000,2793
2941000,3073
2942000,2514
2943000,3073
2944000,3073
2945000,3353
2946000,2794
2947000,2794
2948000,3073
2949000,2794
2950000,3073
2951000,3073
2952000,3353
2953000,3073
2954000,3352
2955000,2793
2956000,3073
2957000,4190
2958000,3632
2959000,3352
2960000,2794
2961000,3353
2962000,3352
2963000,2794
2964000,2793
2965000,3073
2966000,3352
2967000,3632
2968000,2794
2969000,2794
2970000,3353
2971000,2793
2972000,2793
2973000,3073
2974000,3073
2975000,3073
2976000,3073
2977000,3631
2978000,2793
2979000,3073
2980000,2794
2981000,2793
2982000,3352
2983000,3352
2984000,2514
2985000,2794
2986000,3073
2987000,3073
2988000,3631
2989000,3073
2990000,3073
2991000,3073
2992000,3632
2993000,2794
2994000,3073
2995000,3632
2996000,3631
2997000,2794
2998000,3352
2999000,3631
3000000,3073
3001000,2793
3002000,2793
3003000,3353
3004000,3073
3005000,3352
3006000,3353
3007000,3352
3008000,3073
3009000,2514
3010000,2793
3011000,3073
3012000,3352
3013000,3632
3014000,2793
3015000,3073
3016000,2515
3017000,3073
3018000,3073
3019000,2794
3020000,3073
3021000,3073
3022000,2794
3023000,3352
3024000,3073
3025000,3353
3026000,3073
3027000,3352
3028000,2515
3029000,2235
3030000,2514
3031000,4749
3032000,3353
3033000,2514
3034000,3073
3035000,2515
3036000,3073
3037000,3073
3038000,3352
3039000,3073
3040000,2794
3041000,3353
3042000,2794
3043000,3352
3044000,3073
3045000,3352
3046000,2793
3047000,3073
3048000,2514
3049000,2794
3050000,3073
3051000,3073
3052000,3352
3053000,2794
3054000,3631
3055000,3352
3056000,2515
3057000,3353
3058000,3073
3059000,3073
3060000,2794
3061000,3073
3062000,3073
3063000,2514
3064000,2235
3065000,2794
3066000,3073
3067000,2793
3068000,3353
3069000,2235
3070000,3073
3071000,3073
3072000,3632
3073000,2514
3074000,2515
3075000,3073
3076000,3073
3077000,3073
3078000,2794
3079000,3352
3080000,2794
3081000,3073
3082000,3073
3083000,3352
3084000,2794
3085000,2794
3086000,2515
3087000,3073
3088000,2794
3089000,2794
3090000,4749
3091000,2515
3092000,2514
3093000,3073
3094000,2794
3095000,2794
3096000,3352
3097000,3073
3098000,2514
3099000,3632
3100000,3353
3101000,2794
3102000,2794
3103000,3353
3104000,2793
3105000,3073
3106000,3352
3107000,3073
3108000,2514
3109000,3073
3110000,2794
3111000,3073
3112000,3073
3113000,6705
3114000,3911
3115000,2794
3116000,3073
3117000,3073
3118000,3352
3119000,3073
3120000,3352
3121000,2794
3122000,2794
3123000,3352
3124000,3073
3125000,3911
3126000,3352
3127000,2794
3128000,2794
3129000,2793
3130000,3073
3131000,3073
3132000,3073
3133000,2794
3134000,3073
3135000,2794
3136000,2793
3137000,3352
3138000,3073
3139000,2514
3140000,3073
3141000,3073
3142000,2794
3143000,3073
3144000,3911
3145000,3353
3146000,2794
3147000,3352
3148000,3073
3149000,2793
3150000,21511
3151000,2794
3152000,2794
3153000,2794
3154000,3073
3155000,3912
3156000,2794
3157000,3073
3158000,3632
3159000,3073
3160000,3073
3161000,3073
3162000,3073
3163000,2794
3164000,2514
3165000,3073
3166000,3073
3167000,2794
3168000,2793
3169000,2793
3170000,2794
3171000,3073
3172000,2794
3173000,3073
3174000,3074
3175000,3073
3176000,2793
3177000,3073
3178000,3073
3179000,3073
3180000,3073
3181000,3353
3182000,3073
3183000,3352
3184000,3073
3185000,2794
3186000,3353
3187000,2793
3188000,3073
3189000,3353
3190000,2793
3191000,3073
3192000,3073
3193000,3073
3194000,2794
3195000,3073
3196000,3632
3197000,3073
3198000,2514
3199000,3073
3200000,3911
3201000,3073
3202000,3352
3203000,3632
3204000,2514
3205000,2514
3206000,3073
3207000,3352
3208000,3073
3209000,3073
3210000,3073
3211000,2793
3212000,2514
3213000,3073
3214000,2793
3215000,2794
3216000,3073
3217000,2794
3218000,2794
3219000,4470
3220000,3073
3221000,3073
3222000,2794
3223000,3353
3224000,3352
3225000,2514
3226000,2514
3227000,2794
3228000,3073
3229000,2793
3230000,3632
3231000,2793
3232000,3353
3233000,3073
3234000,3352
3235000,2794
3236000,3073
3237000,3073
3238000,3912
3239000,3073
3240000,3352
3241000,3352
3242000,3073
3243000,3353
3244000,3352
3245000,3353
3246000,3352
3247000,2793
3248000,3911
3249000,4191
3250000,3073
3251000,3352
3252000,4190
3253000,3073
3254000,3632
3255000,3632
3256000,2793
3257000,3352
3258000,3073
3259000,3352
3260000,2794
3261000,2794
3262000,3073
3263000,3073
3264000,2794
3265000,3073
3266000,3073
3267000,3632
3268000,3073
3269000,2794
3270000,3632
3271000,3073
3272000,2514
3273000,2794
3274000,2794
3275000,2793
3276000,2235
3277000,2794
3278000,2793
3279000,2514
3280000,2515
3281000,3073
3282000,3631
3283000,2793
3284000,2794
3285000,3353
3286000,2793
3287000,3352
3288000,3631
3289000,2793
3290000,3073
3291000,3632
3292000,3073
3293000,3352
3294000,3073
3295000,3073
3296000,3073
3297000,2793
3298000,3073
3299000,2794
3300000,3353
3301000,2794
3302000,3073
3303000,3352
3304000,3073
3305000,2515
3306000,2794
3307000,3073
3308000,3073
3309000,3073
3310000,3912
3311000,3073
3312000,2794
3313000,2515
3314000,3352
3315000,2793
3316000,3352
3317000,2794
3318000,3073
3319000,3353
3320000,3352
3321000,3353
3322000,3353
3323000,2235
3324000,3073
3325000,3632
3326000,3352
3327000,2794
3328000,2793
3329000,3353
3330000,2514
3331000,3073
3332000,2514
3333000,2794
3334000,2793
3335000,3073
3336000,2793
3337000,2793
3338000,2794
3339000,2793
3340000,2794
3341000,3352
3342000,2793
3343000,3352
3344000,2794
3345000,3073
3346000,3352
3347000,2793
3348000,3073
3349000,3073
3350000,3631
3351000,3073
3352000,2793
3353000,2515
3354000,3073
3355000,3073
3356000,3073
3357000,2793
3358000,2794
3359000,3073
3360000,3073
3361000,2514
3362000,2794
3363000,3353
3364000,3073
3365000,3073
3366000,3632
3367000,3353
3368000,3073
3369000,2793
3370000,3073
3371000,2793
3372000,3632
3373000,3073
3374000,2794
3375000,2794
3376000,3353
3377000,2794
3378000,3073
3379000,3353
3380000,3073
3381000,2794
3382000,3352
3383000,3353
3384000,3631
3385000,4190
3386000,3353
3387000,3352
3388000,3073
3389000,2514
3390000,3353
3391000,2793
3392000,2514
3393000,2793
3394000,3911
3395000,2793
3396000,4749
3397000,2794
3398000,2794
3399000,2794
3400000,2794
3401000,2794
3402000,2793
3403000,3632
3404000,3352
3405000,2794
3406000,2514
3407000,3073
3408000,3073
3409000,3073
3410000,2515
3411000,3353
3412000,3073
3413000,3073
3414000,2793
3415000,2794
3416000,5029
3417000,2514
3418000,3073
3419000,2794
3420000,3352
3421000,3352
3422000,2514
3423000,2793
3424000,3352
3425000,3073
3426000,2514
3427000,2514
3428000,3073
3429000,3073
3430000,3073
3431000,3632
3432000,3073
3433000,4190
3434000,2794
3435000,3352
3436000,3073
3437000,2794
3438000,3631
3439000,3353
3440000,3073
3441000,2793
3442000,2793
3443000,2794
3444000,2515
3445000,3073
3446000,4190
3447000,2793
3448000,3074
3449000,3073
3450000,3353
3451000,3073
3452000,3073
3453000,3353
3454000,3353
3455000,3073
3456000,3073
3457000,3073
3458000,2794
3459000,2794
3460000,3073
3461000,2515
3462000,2235
3463000,3073
3464000,2794
3465000,3352
3466000,2794
3467000,3073
3468000,4190
3469000,3073
3470000,3074
3471000,2794
3472000,3631
3473000,3073
3474000,3073
3475000,3073
3476000,2514
3477000,3073
3478000,3073
3479000,3632
3480000,3353
3481000,3352
3482000,4190
3483000,3352
3484000,2794
3485000,3632
3486000,3352
3487000,3073
3488000,3073
3489000,3353
3490000,3073
3491000,2793
3492000,3353
3493000,2515
3494000,3073
3495000,3073
3496000,3073
3497000,3073
3498000,3352
3499000,2514
3500000,2794
3501000,2793
3502000,3632
3503000,2793
3504000,3073
3505000,2794
3506000,2794
3507000,2794
3508000,2794
3509000,3073
3510000,2794
3511000,3073
3512000,3073
3513000,3073
3514000,3353
3515000,2794
3516000,2793
3517000,2794
3518000,2514
3519000,3352
3520000,2514
3521000,2794
3522000,2794
3523000,2794
3524000,3073
3525000,3073
3526000,3352
3527000,2514
3528000,2793
3529000,3073
3530000,3632
3531000,3352
3532000,2514
3533000,3632
3534000,3352
3535000,3352
3536000,3632
3537000,2794
3538000,3352
3539000,5587
3540000,3073
3541000,3353
3542000,3353
3543000,3631
3544000,2794
3545000,3073
3546000,3073
3547000,3074
3548000,3073
3549000,2794
3550000,3073
3551000,3073
3552000,2794
3553000,3632
3554000,3073
3555000,3073
3556000,3632
3557000,3073
3558000,2794
3559000,3073
3560000,3911
3561000,2515
3562000,2793
3563000,2794
3564000,3353
3565000,3073
3566000,3353
3567000,2793
3568000,3073
3569000,4470
3570000,3352
3571000,2793
3572000,3073
3573000,2793
3574000,3352
3575000,3353
3576000,2794
3577000,3352
3578000,3073
3579000,2793
3580000,3352
3581000,3353
3582000,3073
3583000,3073
3584000,3632
3585000,6984
3586000,2794
3587000,3353
3588000,3073
3589000,3352
3590000,3073
3591000,3073
3592000,3352
3593000,2794
3594000,3632
3595000,3632
3596000,2794
3597000,2794
3598000,3632
3599000,5308
3600000,3352
3601000,3073
3602000,2793
3603000,2794
3604000,3073
3605000,3073
3606000,2793
3607000,3073
3608000,2793
3609000,2793
3610000,3352
3611000,3911
3612000,2793
3613000,3073
3614000,3073
3615000,3073
3616000,3353
3617000,3073
3618000,3353
3619000,3073
3620000,3352
3621000,3631
3622000,2514
3623000,3353
3624000,3073
3625000,3073
3626000,2514
3627000,3352
3628000,3073
3629000,3073
3630000,2514
3631000,3353
3632000,3352
3633000,3352
3634000,3073
3635000,3632
3636000,3073
3637000,3073
3638000,3073
3639000,3073
3640000,2794
3641000,2793
3642000,3073
3643000,3352
3644000,3073
3645000,4750
3646000,3632
3647000,2793
3648000,3073
3649000,9498
3650000,3911
3651000,2794
3652000,3073
3653000,3352
3654000,3073
3655000,3632
3656000,3352
3657000,3073
3658000,3073
3659000,3073
3660000,2794
3661000,2793
3662000,2794
3663000,3352
3664000,3073
3665000,5028
3666000,2794
3667000,3073
3668000,3073
3669000,3073
3670000,3352
3671000,2794
3672000,3352
3673000,3073
3674000,3073
3675000,3911
3676000,2793
3677000,3352
3678000,3632
3679000,2793
3680000,3073
3681000,2514
3682000,3073
3683000,2794
3684000,3073
3685000,3631
3686000,3073
3687000,3073
3688000,3073
3689000,2794
3690000,3073
3691000,3073
3692000,2793
3693000,3073
3694000,2794
3695000,3073
3696000,3073
3697000,3073
3698000,3352
3699000,3073
3700000,2794
3701000,2794
3702000,3632
3703000,2794
3704000,2794
3705000,2793
3706000,3073
3707000,2793
3708000,6146
3709000,3073
3710000,2515
3711000,2793
3712000,3631
3713000,3073
3714000,3073
3715000,3073
3716000,3073
3717000,3073
3718000,2793
3719000,3073
3720000,2794
3721000,2514
3722000,3073
3723000,3073
3724000,3073
3725000,3632
3726000,2514
3727000,3352
3728000,2794
3729000,3073
3730000,3352
3731000,4749
3732000,2794
3733000,3073
3734000,3352
3735000,3073
3736000,3352
3737000,3073
3738000,3352
3739000,3632
3740000,2794
3741000,3352
3742000,3073
3743000,3352
3744000,3073
3745000,2793
3746000,3632
3747000,3073
3748000,3073
3749000,3353
3750000,2793
3751000,3352
3752000,3073
3753000,3073
3754000,3073
3755000,2794
3756000,2794
3757000,4749
3758000,3073
3759000,3073
3760000,2793
3761000,3073
3762000,3352
3763000,3073
3764000,2794
3765000,2794
3766000,3631
3767000,4191
3768000,3352
3769000,2794
3770000,3073
3771000,3073
3772000,3073
3773000,3352
3774000,24305
3775000,4191
3776000,3073
3777000,2794
3778000,3073
3779000,5028
3780000,3353
3781000,2793
3782000,3352
3783000,3073
3784000,3352
3785000,3352
3786000,3631
3787000,2793
3788000,3073
3789000,3073
3790000,2794
3791000,3073
3792000,3352
3793000,3353
3794000,2793
3795000,3353
3796000,3073
3797000,2514
3798000,2794
3799000,3073
3800000,3632
3801000,2793
3802000,3073
3803000,2793
3804000,3632
3805000,3073
3806000,2514
3807000,2794
3808000,2794
3809000,2794
3810000,2514
3811000,3073
3812000,3073
3813000,3632
3814000,2794
3815000,3353
3816000,7543
3817000,3352
3818000,2514
3819000,3352
3820000,3073
3821000,3073
3822000,2794
3823000,3073
3824000,2514
3825000,2794
3826000,2514
3827000,2514
3828000,2793
3829000,2794
3830000,3073
3831000,2514
3832000,3073
3833000,3073
3834000,3073
3835000,3353
3836000,3352
3837000,3352
3838000,3352
3839000,3073
3840000,2794
3841000,3073
3842000,2793
3843000,2793
3844000,3353
3845000,3353
3846000,3073
3847000,2794
3848000,2793
3849000,2794
3850000,2794
3851000,3073
3852000,2514
3853000,2793
3854000,3352
3855000,3073
3856000,3631
3857000,3352
3858000,2794
3859000,3352
3860000,3352
3861000,3073
3862000,3073
3863000,2515
3864000,3352
3865000,3353
3866000,3073
3867000,2793
3868000,2793
3869000,3073
3870000,2794
3871000,3632
3872000,3632
3873000,2794
3874000,3632
3875000,3352
3876000,3352
3877000,3632
3878000,3073
3879000,3073
3880000,3352
3881000,3353
3882000,3073
3883000,3073
3884000,3073
3885000,3352
3886000,3352
3887000,3073
3888000,3352
3889000,2794
3890000,3073
3891000,3353
3892000,3352
3893000,2514
3894000,3073
3895000,3073
3896000,3352
3897000,3353
3898000,3073
3899000,3632
3900000,3073
3901000,3353
3902000,3073
3903000,2793
3904000,2794
3905000,3073
3906000,2514
3907000,4470
3908000,2794
3909000,3632
3910000,4750
3911000,3073
3912000,3911
3913000,3353
3914000,3632
3915000,3074
3916000,3073
3917000,3353
3918000,3073
3919000,3073
3920000,2794
3921000,3352
3922000,3073
3923000,3073
3924000,3073
3925000,2794
3926000,3073
3927000,3353
3928000,2793
3929000,3073
3930000,2793
3931000,3353
3932000,3352
3933000,2514
3934000,3632
3935000,3632
3936000,5867
3937000,3073
3938000,3632
3939000,2514
3940000,3073
3941000,3632
3942000,3073
3943000,3353
3944000,3073
3945000,2793
3946000,3353
3947000,2514
3948000,2793
3949000,3353
3950000,3353
3951000,3073
3952000,3073
3953000,3073
3954000,3632
3955000,3352
3956000,2794
3957000,3352
3958000,3073
3959000,3632
3960000,4190
3961000,2793
3962000,5588
3963000,2793
3964000,2793
3965000,3073
3966000,3632
3967000,2793
3968000,3352
3969000,3632
3970000,2794
3971000,3073
3972000,2794
3973000,3352
3974000,2794
3975000,2794
3976000,3632
3977000,2794
3978000,3073
3979000,3073
3980000,3352
3981000,2793
3982000,3353
3983000,2794
3984000,3073
3985000,3352
3986000,3073
3987000,3632
3988000,3073
3989000,3911
3990000,3911
3991000,3073
3992000,3073
3993000,2793
3994000,3073
3995000,3073
3996000,4750
3997000,3073
3998000,3632
3999000,3073
4000000,3073
4001000,3073
4002000,3073
4003000,3353
4004000,2794
4005000,2794
4006000,3353
4007000,2793
4008000,3353
4009000,3073
4010000,5588
4011000,2794
4012000,3911
4013000,3352
4014000,3353
4015000,3353
4016000,2794
4017000,2794
4018000,3073
4019000,3073
4020000,2793
4021000,3632
4022000,3073
4023000,3352
4024000,2794
4025000,2794
4026000,3073
4027000,2794
4028000,2793
4029000,3073
4030000,3352
4031000,3073
4032000,3911
4033000,3073
4034000,3073
4035000,3352
4036000,3352
4037000,3353
4038000,2793
4039000,3632
4040000,3353
4041000,3073
4042000,3073
4043000,3073
4044000,3073
4045000,3073
4046000,2514
4047000,3073
4048000,3632
4049000,3632
4050000,2793
4051000,2794
4052000,3631
4053000,2794
4054000,2793
4055000,2793
4056000,4191
4057000,3073
4058000,2794
4059000,3073
4060000,3632
4061000,3353
4062000,3352
4063000,3073
4064000,2794
4065000,2793
4066000,2794
4067000,2794
4068000,3353
4069000,3911
4070000,3632
4071000,3073
4072000,3073
4073000,3073
4074000,2794
4075000,3352
4076000,3073
4077000,2793
4078000,2794
4079000,2794
4080000,3073
4081000,3353
4082000,2794
4083000,3352
4084000,3073
4085000,3073
4086000,3353
4087000,3073
4088000,3073
4089000,2514
4090000,3353
4091000,3073
4092000,3911
4093000,3073
4094000,3073
4095000,3632
4096000,2793
4097000,3632
4098000,3073
4099000,3073
4100000,3352
4101000,5308
4102000,3911
4103000,3353
4104000,3352
4105000,3353
4106000,2793
4107000,3632
4108000,3352
4109000,3073
4110000,3073
4111000,3073
4112000,3073
4113000,3073
4114000,3073
4115000,3073
4116000,2793
4117000,3073
4118000,3073
4119000,3073
4120000,3352
4121000,3632
4122000,3352
4123000,3074
4124000,3073
4125000,3353
4126000,3073
4127000,3352
4128000,3353
4129000,2794
4130000,3073
4131000,3353
4132000,3073
4133000,3073
4134000,3352
4135000,3353
4136000,3352
4137000,3352
4138000,3073
4139000,2793
4140000,3073
4141000,2514
4142000,8660
4143000,3073
4144000,2794
4145000,3352
4146000,2794
4147000,3073
4148000,3632
4149000,3353
4150000,3073
4151000,2794
4152000,3073
4153000,3911
4154000,3073
4155000,3631
4156000,2793
4157000,3073
4158000,3352
4159000,2514
4160000,2794
4161000,3631
4162000,3352
4163000,4190
4164000,3073
4165000,3631
4166000,3073
4167000,3073
4168000,3352
4169000,2794
4170000,3073
4171000,2515
4172000,3073
4173000,3631
4174000,3073
4175000,3353
4176000,3073
4177000,2793
4178000,2794
4179000,3073
4180000,3073
4181000,3073
4182000,2794
4183000,3073
4184000,3352
4185000,3911
4186000,3073
4187000,3632
4188000,2794
4189000,3073
4190000,3352
4191000,3073
4192000,3073
4193000,3073
4194000,3352
4195000,3353
4196000,3073
4197000,3352
4198000,3352
4199000,3073
4200000,2794
4201000,2794
4202000,3631
4203000,2794
4204000,3073
4205000,3632
4206000,3353
4207000,2794
4208000,3911
4209000,3352
4210000,2793
4211000,6425
4212000,2515
4213000,2515
4214000,3352
4215000,5867
4216000,3632
4217000,3632
4218000,3073
4219000,3632
4220000,3073
4221000,3073
4222000,3073
4223000,3073
4224000,3073
4225000,4470
4226000,3353
4227000,3632
4228000,3073
4229000,3353
4230000,2514
4231000,3073
4232000,3073
4233000,2793
4234000,3632
4235000,3352
4236000,3632
4237000,23746
4238000,3353
4239000,3352
4240000,3352
4241000,3073
4242000,3352
4243000,2793
4244000,5866
4245000,3073
4246000,2794
4247000,2794
4248000,3073
4249000,3632
4250000,2794
4251000,4190
4252000,3073
4253000,3073
4254000,3353
4255000,3073
4256000,2793
4257000,3353
4258000,3073
4259000,4191
4260000,3073
4261000,3352
4262000,3073
4263000,3074
4264000,5028
4265000,3353
4266000,3073
4267000,3631
4268000,2793
4269000,3073
4270000,3073
4271000,3631
4272000,3073
4273000,3073
4274000,2794
4275000,3073
4276000,3073
4277000,3632
4278000,3352
4279000,3632
4280000,3073
4281000,3073
4282000,3073
4283000,2793
4284000,3632
4285000,3073
4286000,3073
4287000,4191
4288000,3073
4289000,3073
4290000,3353
4291000,3073
4292000,3352
4293000,2794
4294000,3353
4295000,3073
4296000,3073
4297000,3632
4298000,2794
4299000,3352
4300000,2794
4301000,2793
4302000,3073
4303000,3631
4304000,2794
4305000,2793
4306000,3073
4307000,2793
4308000,2793
4309000,2794
4310000,2793
4311000,3632
4312000,2793
4313000,3073
4314000,3352
4315000,3353
4316000,2514
4317000,3352
4318000,3073
4319000,2793
4320000,3073
4321000,3073
4322000,3073
4323000,2793
4324000,3352
4325000,2793
4326000,3073
4327000,3073
4328000,2794
4329000,2794
4330000,2514
4331000,3353
4332000,2515
4333000,2514
4334000,2794
4335000,2794
4336000,3073
4337000,4749
4338000,3353
4339000,3073
4340000,3353
4341000,3352
4342000,2793
4343000,3352
4344000,3352
4345000,3632
4346000,3073
4347000,3073
4348000,2514
4349000,3073
4350000,3352
4351000,3632
4352000,3911
4353000,2794
4354000,3073
4355000,3073
4356000,2514
4357000,3073
4358000,3352
4359000,3911
4360000,3073
4361000,3073
4362000,3353
4363000,4190
4364000,2794
4365000,3073
4366000,3073
4367000,2794
4368000,2515
4369000,3632
4370000,3073
4371000,3352
4372000,2793
4373000,3352
4374000,3353
4375000,3073
4376000,3353
4377000,3073
4378000,3353
4379000,3632
4380000,3073
4381000,3073
4382000,3073
4383000,3073
4384000,3352
4385000,3073
4386000,4750
4387000,3073
4388000,3352
4389000,3073
4390000,2794
4391000,3352
4392000,2793
4393000,3073
4394000,2794
4395000,2793
4396000,3352
4397000,3073
4398000,3352
4399000,3353
4400000,2514
4401000,3352
4402000,3073
4403000,2793
4404000,2793
4405000,3073
4406000,3073
4407000,3353
4408000,2794
4409000,3632
4410000,2794
4411000,2793
4412000,2793
4413000,2794
4414000,2793
4415000,3352
4416000,3353
4417000,3631
4418000,3352
4419000,3073
4420000,2793
4421000,3352
4422000,2794
4423000,3353
4424000,3352
4425000,2793
4426000,2794
4427000,3073
4428000,3073
4429000,5308
4430000,2793
4431000,3632
4432000,3073
4433000,3353
4434000,3073
4435000,3352
4436000,2793
4437000,3073
4438000,2794
4439000,4191
4440000,2794
4441000,3073
4442000,2515
4443000,3074
4444000,3073
4445000,3352
4446000,3352
4447000,3073
4448000,3352
4449000,3073
4450000,3631
4451000,5308
4452000,3911
4453000,3073
4454000,3632
4455000,3073
4456000,2794
4457000,3632
4458000,3353
4459000,2794
4460000,2794
4461000,3073
4462000,3073
4463000,3073
4464000,3353
4465000,3353
4466000,3073
4467000,2793
4468000,3632
4469000,3073
4470000,2794
4471000,3352
4472000,3073
4473000,3073
4474000,3352
4475000,3073
4476000,3073
4477000,3632
4478000,3353
4479000,3632
4480000,3073
4481000,3073
4482000,2794
4483000,3073
4484000,3073
4485000,3073
4486000,2794
4487000,3911
4488000,2515
4489000,3073
4490000,3073
4491000,3352
4492000,2793
4493000,2794
4494000,3352
4495000,2794
4496000,2794
4497000,2794
4498000,2793
4499000,3352
4500000,2794
4501000,3352
4502000,3073
4503000,3073
4504000,3631
4505000,2514
4506000,3073
4507000,3073
4508000,4191
4509000,3073
4510000,3352
4511000,3352
4512000,2794
4513000,3073
4514000,3353
4515000,2794
4516000,3912
4517000,3073
4518000,3353
4519000,3073
4520000,2793
4521000,3353
4522000,3352
4523000,3073
4524000,3352
4525000,3073
4526000,3073
4527000,3073
4528000,2794
4529000,3073
4530000,2794
4531000,2794
4532000,2794
4533000,2794
4534000,4749
4535000,3352
4536000,3353
4537000,3073
4538000,2794
4539000,4749
4540000,3073
4541000,3352
4542000,2793
4543000,3073
4544000,2794
4545000,3632
4546000,2794
4547000,3352
4548000,3632
4549000,2794
4550000,3353
4551000,3073
4552000,3352
4553000,3073
4554000,3352
4555000,3073
4556000,2793
4557000,2794
4558000,2793
4559000,3353
4560000,2794
4561000,3353
4562000,3353
4563000,3073
4564000,2794
4565000,2794
4566000,3353
4567000,2793
4568000,3353
4569000,2514
4570000,3073
4571000,7822
4572000,2793
4573000,3352
4574000,2515
4575000,2794
4576000,3073
4577000,3353
4578000,3073
4579000,3352
4580000,2514
4581000,3352
4582000,3073
4583000,2794
4584000,2793
4585000,3073
4586000,2514
4587000,2793
4588000,3631
4589000,2793
4590000,2794
4591000,3353
4592000,3632
4593000,3353
4594000,3912
4595000,3352
4596000,3073
4597000,3352
4598000,2794
4599000,2793
4600000,3632
4601000,3352
4602000,2794
4603000,3352
4604000,3073
4605000,3353
4606000,3631
4607000,3353
4608000,2794
4609000,3352
4610000,3352
4611000,3352
4612000,3352
4613000,3352
4614000,2793
4615000,3073
4616000,3073
4617000,3073
4618000,3073
4619000,3352
4620000,3073
4621000,3073
4622000,4190
4623000,3912
4624000,2794
4625000,2514
4626000,2793
4627000,2794
4628000,3353
4629000,3632
4630000,3074
4631000,14527
4632000,3073
4633000,3073
4634000,2794
4635000,2794
4636000,3073
4637000,2793
4638000,3353
4639000,3352
4640000,3073
4641000,3073
4642000,3073
4643000,2794
4644000,3632
4645000,2793
4646000,3073
4647000,2793
4648000,3631
4649000,3352
4650000,3352
4651000,3073
4652000,3632
4653000,3353
4654000,3352
4655000,3352
4656000,2793
4657000,2793
4658000,3352
4659000,3073
4660000,3352
4661000,3353
4662000,3353
4663000,2514
4664000,3353
4665000,3352
4666000,3073
4667000,3352
4668000,3073
4669000,3632
4670000,3352
4671000,3353
4672000,3352
4673000,5308
4674000,3073
4675000,3353
4676000,2794
4677000,3631
4678000,3352
4679000,3073
4680000,3631
4681000,3073
4682000,3073
4683000,3073
4684000,3353
4685000,3352
4686000,2794
4687000,3073
4688000,3352
4689000,3352
4690000,3352
4691000,3073
4692000,3631
4693000,3073
4694000,3073
4695000,3073
4696000,3073
4697000,3631
4698000,3353
4699000,3073
4700000,2794
4701000,3352
4702000,2794
4703000,2793
4704000,2794
4705000,3632
4706000,3632
4707000,3073
4708000,3352
4709000,3073
4710000,3073
4711000,2794
4712000,3073
4713000,3352
4714000,3073
4715000,3352
4716000,3073
4717000,3631
4718000,3631
4719000,2794
4720000,3073
4721000,3073
4722000,3073
4723000,2515
4724000,3632
4725000,4191
4726000,3073
4727000,3073
4728000,3073
4729000,3073
4730000,4749
4731000,3352
4732000,3632
4733000,3073
4734000,3073
4735000,3352
4736000,4749
4737000,3073
4738000,3352
4739000,2514
4740000,2794
4741000,3073
4742000,2794
4743000,2793
4744000,2514
4745000,3073
4746000,3353
4747000,3073
4748000,3352
4749000,2793
4750000,3352
4751000,3352
4752000,3073
4753000,2794
4754000,3073
4755000,2793
4756000,2794
4757000,3073
4758000,2794
4759000,3073
4760000,3352
4761000,3073
4762000,3632
4763000,2794
4764000,2794
4765000,3073
4766000,2794
4767000,3074
4768000,3073
4769000,3353
4770000,3353
4771000,2794
4772000,3073
4773000,2515
4774000,3353
4775000,3353
4776000,3073
4777000,3632
4778000,2234
4779000,5028
4780000,3353
4781000,3353
4782000,2794
4783000,3073
4784000,3073
4785000,2234
4786000,3632
4787000,3352
4788000,3073
4789000,3073
4790000,3353
4791000,2793
4792000,3073
4793000,3073
4794000,3073
4795000,3632
4796000,3073
4797000,3353
4798000,3073
4799000,3073
4800000,2793
4801000,3073
4802000,3074
4803000,3632
4804000,3353
4805000,4470
4806000,2793
4807000,2514
4808000,2515
4809000,3073
4810000,2793
4811000,2794
4812000,3632
4813000,3073
4814000,3352
4815000,2794
4816000,3352
4817000,3073
4818000,3073
4819000,3353
4820000,2514
4821000,3073
4822000,3353
4823000,3073
4824000,6146
4825000,3632
4826000,10616
4827000,3073
4828000,2794
4829000,3073
4830000,3073
4831000,3911
4832000,3352
4833000,3352
4834000,3353
4835000,3352
4836000,3352
4837000,2794
4838000,3073
4839000,3073
4840000,3073
4841000,3073
4842000,3353
4843000,3352
4844000,3073
4845000,3353
4846000,3632
4847000,2794
4848000,2793
4849000,2793
4850000,2794
4851000,2794
4852000,3632
4853000,3632
4854000,2793
4855000,3073
4856000,3911
4857000,2794
4858000,2793
4859000,3352
4860000,5028
4861000,3631
4862000,2793
4863000,3632
4864000,3073
4865000,2794
4866000,3073
4867000,3352
4868000,3073
4869000,3632
4870000,3073
4871000,3352
4872000,3353
4873000,3073
4874000,3073
4875000,3073
4876000,3352
4877000,3073
4878000,3073
4879000,3073
4880000,3631
4881000,2793
4882000,3073
4883000,3073
4884000,3353
4885000,3073
4886000,3352
4887000,3073
4888000,2794
4889000,4470
4890000,3352
4891000,3352
4892000,3352
4893000,3353
4894000,3073
4895000,3073
4896000,3074
4897000,3353
4898000,2793
4899000,5028
4900000,3631
4901000,4191
4902000,2793
4903000,3073
4904000,3073
4905000,3073
4906000,3073
4907000,3073
4908000,2794
4909000,3352
4910000,3352
4911000,3632
4912000,3632
4913000,3353
4914000,3073
4915000,5866
4916000,3631
4917000,3073
4918000,3073
4919000,3073
4920000,4191
4921000,9499
4922000,3353
4923000,3353
4924000,2794
4925000,2794
4926000,3352
4927000,3632
4928000,3073
4929000,3073
4930000,2793
4931000,2794
4932000,3353
4933000,3631
4934000,3073
4935000,3073
4936000,2794
4937000,2794
4938000,3073
4939000,3352
4940000,3631
4941000,3073
4942000,3632
4943000,3073
4944000,3353
4945000,3631
4946000,3073
4947000,2514
4948000,2794
4949000,3353
4950000,3632
4951000,3073
4952000,3353
4953000,3632
4954000,3352
4955000,3073
4956000,3073
4957000,3074
4958000,2794
4959000,3352
4960000,3352
4961000,7263
4962000,2514
4963000,3352
4964000,3073
4965000,3073
4966000,3352
4967000,3073
4968000,3073
4969000,3353
4970000,3073
4971000,3352
4972000,3073
4973000,3353
4974000,2794
4975000,3073
4976000,3632
4977000,2794
4978000,3353
4979000,4470
4980000,3073
4981000,3074
4982000,3353
4983000,4750
4984000,2794
4985000,3073
4986000,3353
4987000,3352
4988000,3073
4989000,2794
4990000,3632
4991000,2794
4992000,3353
4993000,3073
4994000,3073
4995000,3352
4996000,3073
4997000,3352
4998000,3073
4999000,3352
5000000,3632
5001000,2793
5002000,3352
5003000,3352
5004000,3073
5005000,2793
5006000,3631
5007000,3073
5008000,5028
5009000,3352
5010000,3352
5011000,3073
5012000,3911
5013000,3073
5014000,2514
5015000,3073
5016000,3352
5017000,3353
5018000,3073
5019000,3353
5020000,3073
5021000,3352
5022000,2794
5023000,3353
5024000,3352
5025000,3073
5026000,3073
5027000,3352
5028000,3073
5029000,2794
5030000,3632
5031000,4470
5032000,3632
5033000,2514
5034000,3352
5035000,3073
5036000,3073
5037000,2793
5038000,2794
5039000,3073
5040000,3073
5041000,3073
5042000,3073
5043000,3353
5044000,3353
5045000,3352
5046000,3073
5047000,3073
5048000,3352
5049000,2794
5050000,3073
5051000,3073
5052000,3073
5053000,2794
5054000,2793
5055000,3352
5056000,2794
5057000,3073
5058000,3631
5059000,2794
5060000,3352
5061000,3632
5062000,2794
5063000,3073
5064000,3073
5065000,3632
5066000,3353
5067000,3352
5068000,3352
5069000,2794
5070000,3631
5071000,3352
5072000,3073
5073000,3073
5074000,3352
5075000,3073
5076000,3073
5077000,3352
5078000,3632
5079000,3352
5080000,4191
5081000,2793
5082000,2793
5083000,3352
5084000,3352
5085000,2794
5086000,3352
5087000,3073
5088000,6984
5089000,3073
5090000,3352
5091000,3073
5092000,3073
5093000,3631
5094000,2515
5095000,10337
5096000,3352
5097000,3073
5098000,2793
5099000,3353
5100000,2794
5101000,3073
5102000,2794
5103000,3632
5104000,3073
5105000,3352
5106000,3632
5107000,3353
5108000,3352
5109000,2794
5110000,3632
5111000,3073
5112000,2794
5113000,3073
5114000,3353
5115000,3632
5116000,2794
5117000,3073
5118000,3912
5119000,2793
5120000,3352
5121000,2793
5122000,5588
5123000,3073
5124000,3352
5125000,3073
5126000,3073
5127000,3353
5128000,3073
5129000,3073
5130000,3353
5131000,3352
5132000,2514
5133000,3353
5134000,6146
5135000,3352
5136000,3352
5137000,2794
5138000,2794
5139000,3632
5140000,3911
5141000,3073
5142000,4470
5143000,3073
5144000,2794
5145000,3073
5146000,2794
5147000,3073
5148000,3352
5149000,3073
5150000,3353
5151000,2793
5152000,3073
5153000,3073
5154000,3632
5155000,5029
5156000,3073
5157000,2793
5158000,2794
5159000,2794
5160000,3352
5161000,3632
5162000,2794
5163000,3352
5164000,3353
5165000,2794
5166000,3073
5167000,3073
5168000,3352
5169000,3073
5170000,2514
5171000,3073
5172000,3353
5173000,3632
5174000,2793
5175000,3073
5176000,2794
5177000,3353
5178000,3073
5179000,2794
5180000,3352
5181000,3632
5182000,2794
5183000,3631
5184000,3353
5185000,2794
5186000,2794
5187000,3073
5188000,3073
5189000,3073
5190000,2794
5191000,3632
5192000,3353
5193000,3073
5194000,3353
5195000,3073
5196000,3073
5197000,3352
5198000,3631
5199000,2794
5200000,3073
5201000,3353
5202000,2794
5203000,2514
5204000,3073
5205000,3352
5206000,3073
5207000,3353
5208000,3073
5209000,3073
5210000,3353
5211000,3352
5212000,3073
5213000,2794
5214000,2793
5215000,3352
5216000,5867
5217000,3073
5218000,3073
5219000,3073
5220000,3632
5221000,2794
5222000,3352
5223000,2794
5224000,3073
5225000,2793
5226000,3073
5227000,2793
5228000,2794
5229000,3632
5230000,4750
5231000,3073
5232000,3073
5233000,3353
5234000,3352
5235000,2794
5236000,2794
5237000,3353
5238000,3353
5239000,3632
5240000,3073
5241000,2794
5242000,3073
5243000,3074
5244000,3353
5245000,3631
5246000,3073
5247000,3073
5248000,3073
5249000,3353
5250000,3352
5251000,3073
5252000,2794
5253000,3353
5254000,3073
5255000,3352
5256000,2514
5257000,3073
5258000,3353
5259000,3352
5260000,3352
5261000,3631
5262000,4750
5263000,3632
5264000,2793
5265000,2793
5266000,3073
5267000,3632
5268000,3632
5269000,3632
5270000,2794
5271000,3073
5272000,3073
5273000,2794
5274000,3352
5275000,3073
5276000,3073
5277000,3352
5278000,3352
5279000,2793
5280000,4191
5281000,5867
5282000,3352
5283000,3073
5284000,3073
5285000,2794
5286000,2794
5287000,3632
5288000,3352
5289000,3353
5290000,3073
5291000,2793
5292000,3073
5293000,3073
5294000,3352
5295000,3632
5296000,3352
5297000,3632
5298000,2794
5299000,2794
5300000,3073
5301000,3073
5302000,3632
5303000,3073
5304000,2794
5305000,3353
5306000,3073
5307000,3074
5308000,2793
5309000,3073
5310000,3073
5311000,3073
5312000,3352
5313000,2794
5314000,3353
5315000,3073
5316000,3073
5317000,3352
5318000,3911
5319000,3073
5320000,3074
5321000,2794
5322000,3073
5323000,3352
5324000,3073
5325000,3353
5326000,3073
5327000,2794
5328000,3353
5329000,5308
5330000,2793
5331000,3632
5332000,3073
5333000,3353
5334000,2794
5335000,3073
5336000,3352
5337000,2793
5338000,3073
5339000,3353
5340000,3073
5341000,3073
5342000,2514
5343000,2794
5344000,3073
5345000,3353
5346000,2793
5347000,2794
5348000,3352
5349000,2794
5350000,2514
5351000,2794
5352000,3631
5353000,5028
5354000,2794
5355000,3911
5356000,3632
5357000,2515
5358000,3352
5359000,2794
5360000,3073
5361000,3073
5362000,3073
5363000,2794
5364000,2793
5365000,3073
5366000,3632
5367000,2794
5368000,3073
5369000,3631
5370000,2514
5371000,3352
5372000,3073
5373000,3353
5374000,3073
5375000,2793
5376000,3632
5377000,3353
5378000,3632
5379000,3352
5380000,3352
5381000,2515
5382000,3073
5383000,3073
5384000,3073
5385000,3353
5386000,3073
5387000,2794
5388000,3073
5389000,2793
5390000,2514
5391000,3073
5392000,5866
5393000,3073
5394000,3073
5395000,3073
5396000,3073
5397000,3073
5398000,2794
5399000,3074
5400000,3352
5401000,3352
5402000,2794
5403000,3911
5404000,3352
5405000,3073
5406000,3073
5407000,3353
5408000,2515
5409000,3353
5410000,3353
5411000,2793
5412000,3073
5413000,2793
5414000,3073
5415000,3911
5416000,3352
5417000,2794
5418000,3073
5419000,3352
5420000,3073
5421000,3631
5422000,2794
5423000,3352
5424000,3073
5425000,3073
5426000,3352
5427000,3352
5428000,3073
5429000,3073
5430000,3632
5431000,3073
5432000,3353
5433000,3353
5434000,3352
5435000,5587
5436000,3352
5437000,3073
5438000,2794
5439000,3073
5440000,3074
5441000,2793
5442000,3353
5443000,3352
5444000,3073
5445000,2515
5446000,3073
5447000,5029
5448000,3073
5449000,3073
5450000,3073
5451000,3073
5452000,2794
5453000,3632
5454000,3632
5455000,3073
5456000,3073
5457000,3631
5458000,3073
5459000,3073
5460000,3073
5461000,3352
5462000,3073
5463000,5028
5464000,3073
5465000,3073
5466000,2794
5467000,3073
5468000,3073
5469000,3073
5470000,5308
5471000,3911
5472000,3073
5473000,3073
5474000,3073
5475000,3073
5476000,3073
5477000,2794
5478000,2793
5479000,3073
5480000,3632
5481000,3352
5482000,3073
5483000,3352
5484000,3073
5485000,2793
5486000,6426
5487000,3631
5488000,3073
5489000,3352
5490000,3073
5491000,4191
5492000,3073
5493000,3073
5494000,3353
5495000,2794
5496000,3352
5497000,4749
5498000,3073
5499000,3353
5500000,3073
5501000,3353
5502000,3353
5503000,3073
5504000,3353
5505000,2514
5506000,3073
5507000,3073
5508000,2794
5509000,3352
5510000,3352
5511000,3632
5512000,2793
5513000,3073
5514000,4191
5515000,2793
5516000,3352
5517000,3073
5518000,2794
5519000,3073
5520000,3073
5521000,3352
5522000,2794
5523000,3073
5524000,2794
5525000,3352
5526000,3073
5527000,3352
5528000,3074
5529000,3632
5530000,3632
5531000,5028
5532000,2793
5533000,3073
5534000,3632
5535000,3353
5536000,3073
5537000,3353
5538000,3073
5539000,3352
5540000,3073
5541000,3353
5542000,3073
5543000,3073
5544000,3632
5545000,2793
5546000,3352
5547000,3911
5548000,3911
5549000,5587
5550000,3352
5551000,3632
5552000,2793
5553000,3073
5554000,2794
5555000,3073
5556000,3352
5557000,3632
5558000,3073
5559000,8940
5560000,3073
5561000,2794
5562000,4470
5563000,3632
5564000,3632
5565000,2794
5566000,2794
5567000,2794
5568000,3352
5569000,3353
5570000,3073
5571000,3073
5572000,3911
5573000,3073
5574000,3073
5575000,3073
5576000,3353
5577000,3073
5578000,3073
5579000,4190
5580000,3073
5581000,4749
5582000,3352
5583000,2794
5584000,3632
5585000,3353
5586000,6704
5587000,3632
5588000,3073
5589000,2793
5590000,2514
5591000,3073
5592000,3353
5593000,3353
5594000,3353
5595000,2514
5596000,3073
5597000,2793
5598000,3352
5599000,2794
5600000,3352
5601000,3073
5602000,3073
5603000,2794
5604000,2793
5605000,2794
5606000,2794
5607000,3632
5608000,2794
5609000,3073
5610000,3352
5611000,3632
5612000,3073
5613000,2794
5614000,3353
5615000,2794
5616000,3073
5617000,3073
5618000,3073
5619000,2514
5620000,3073
5621000,3911
5622000,3352
5623000,3073
5624000,3353
5625000,3631
5626000,3631
5627000,2794
5628000,3353
5629000,3352
5630000,2794
5631000,3631
5632000,2515
5633000,2794
5634000,3353
5635000,2794
5636000,2794
5637000,3352
5638000,3911
5639000,2793
5640000,3074
5641000,3073
5642000,3073
5643000,3352
5644000,3073
5645000,3912
5646000,4749
5647000,3073
5648000,3073
5649000,3073
5650000,3353
5651000,3352
5652000,2793
5653000,3632
5654000,3632
5655000,2793
5656000,2794
5657000,3353
5658000,3352
5659000,2794
5660000,3353
5661000,3352
5662000,3632
5663000,3352
5664000,3073
5665000,4470
5666000,3073
5667000,4749
5668000,3073
5669000,3632
5670000,2514
5671000,3632
5672000,3352
5673000,3352
5674000,3352
5675000,3632
5676000,2794
5677000,3353
5678000,5308
5679000,3073
5680000,3073
5681000,3632
5682000,4190
5683000,2794
5684000,2794
5685000,3352
5686000,3353
5687000,3353
5688000,3352
5689000,3353
5690000,3073
5691000,4469
5692000,3073
5693000,3631
5694000,3353
5695000,3073
5696000,3353
5697000,3352
5698000,3352
5699000,3632
5700000,3352
5701000,3631
5702000,2793
5703000,3352
5704000,3352
5705000,3073
5706000,2793
5707000,2514
5708000,3353
5709000,3073
5710000,3352
5711000,3352
5712000,4190
5713000,3073
5714000,3632
5715000,3073
5716000,3073
5717000,3352
5718000,2794
5719000,3073
5720000,3073
5721000,3352
5722000,3073
5723000,3353
5724000,3632
5725000,2793
5726000,3911
5727000,12572
5728000,2793
5729000,2794
5730000,3073
5731000,3352
5732000,2794
5733000,3073
5734000,3632
5735000,3911
5736000,2793
5737000,3353
5738000,3073
5739000,3073
5740000,3073
5741000,3073
5742000,3073
5743000,2794
5744000,2794
5745000,3073
5746000,2794
5747000,2794
5748000,3073
5749000,3352
5750000,3073
5751000,3352
5752000,6705
5753000,2794
5754000,3074
5755000,3632
5756000,3073
5757000,3073
5758000,2794
5759000,2793
5760000,3073
5761000,2793
5762000,3073
5763000,2794
5764000,3353
5765000,3073
5766000,3073
5767000,3073
5768000,3911
5769000,3632
5770000,2793
5771000,3073
5772000,3353
5773000,3352
5774000,2793
5775000,3911
5776000,2794
5777000,2515
5778000,3073
5779000,5029
5780000,3073
5781000,3353
5782000,3352
5783000,2514
5784000,3073
5785000,3353
5786000,3073
5787000,3073
5788000,3353
5789000,2793
5790000,3632
5791000,3352
5792000,3073
5793000,3073
5794000,3911
5795000,3073
5796000,3632
5797000,2514
5798000,2793
5799000,3073
5800000,2794
5801000,3073
5802000,3073
5803000,2793
5804000,3073
5805000,3073
5806000,3073
5807000,3352
5808000,4191
5809000,3353
5810000,3073
5811000,2514
5812000,5308
5813000,3352
5814000,2514
5815000,3352
5816000,3073
5817000,3073
5818000,3073
5819000,3073
5820000,2793
5821000,3631
5822000,3073
5823000,4190
5824000,2514
5825000,6147
5826000,2793
5827000,3073
5828000,3352
5829000,3632
5830000,3631
5831000,3632
5832000,2794
5833000,3073
5834000,3911
5835000,3073
5836000,3353
5837000,2793
5838000,3911
5839000,2794
5840000,3073
5841000,3073
5842000,3353
5843000,3073
5844000,3073
5845000,2794
5846000,3073
5847000,2514
5848000,3073
5849000,3352
5850000,3073
5851000,3073
5852000,3073
5853000,2794
5854000,5029
5855000,3073
5856000,3352
5857000,3073
5858000,3353
5859000,3353
5860000,3632
5861000,3073
5862000,3073
5863000,3352
5864000,5587
5865000,3632
5866000,3073
5867000,2794
5868000,2794
5869000,3073
5870000,3073
5871000,3352
5872000,3073
5873000,3353
5874000,2793
5875000,3073
5876000,3632
5877000,3073
5878000,3632
5879000,3073
5880000,3073
5881000,3352
5882000,3352
5883000,3073
5884000,3632
5885000,3073
5886000,3073
5887000,3353
5888000,3632
5889000,3353
5890000,3073
5891000,3073
5892000,3073
5893000,3352
5894000,3353
5895000,3352
5896000,3352
5897000,3073
5898000,2794
5899000,3352
5900000,5028
5901000,3353
5902000,3353
5903000,3632
5904000,3631
5905000,3352
5906000,3073
5907000,3632
5908000,3632
5909000,3632
5910000,3632
5911000,2793
5912000,3353
5913000,3073
5914000,2794
5915000,3352
5916000,3073
5917000,3073
5918000,3911
5919000,3073
5920000,3074
5921000,3353
5922000,3632
5923000,2793
5924000,3632
5925000,2793
5926000,3631
5927000,3073
5928000,3911
5929000,3632
5930000,3632
5931000,3353
5932000,3073
5933000,3073
5934000,2235
5935000,3632
5936000,2793
5937000,4470
5938000,3632
5939000,3352
5940000,3074
5941000,3073
5942000,2794
5943000,4470
5944000,3353
5945000,3352
5946000,3073
5947000,3073
5948000,3911
5949000,3352
5950000,3073
5951000,3073
5952000,3352
5953000,3353
5954000,3073
5955000,3352
5956000,3632
5957000,2794
5958000,3352
5959000,3911
5960000,3073
5961000,3632
5962000,3073
5963000,3352
5964000,4470
5965000,3352
5966000,3352
5967000,3353
5968000,2793
5969000,3353
5970000,3073
5971000,3073
5972000,3632
5973000,3073
5974000,3073
5975000,3352
5976000,3632
5977000,3352
5978000,3353
5979000,3073
5980000,2793
5981000,3352
5982000,3912
5983000,3352
5984000,3073
5985000,2515
5986000,3352
5987000,2794
5988000,3353
5989000,3073
5990000,3073
5991000,2794
5992000,3353
5993000,2793
5994000,3073
5995000,3632
5996000,3352
5997000,3632
5998000,3352
5999000,3073
6000000,3073
